{"stats":{"minecraft:custom":{"minecraft:time_since_rest":13757,"minecraft:sprint_one_cm":67054,"minecraft:damage_taken":590,"minecraft:walk_one_cm":60425,"minecraft:drop":3,"minecraft:damage_dealt":18,"minecraft:swim_one_cm":8848,"minecraft:interact_with_crafting_table":2,"minecraft:fly_one_cm":82847,"minecraft:open_chest":1,"minecraft:crouch_one_cm":226,"minecraft:play_time":51058,"minecraft:deaths":2,"minecraft:sneak_time":85,"minecraft:walk_under_water_one_cm":969,"minecraft:jump":490,"minecraft:leave_game":10,"minecraft:walk_on_water_one_cm":3625,"minecraft:time_since_death":15324,"minecraft:total_world_time":51058,"minecraft:fall_one_cm":8627},"minecraft:killed_by":{"minecraft:zombie":1,"undead_revamp2:thehorrors":1},"minecraft:dropped":{"alexsmobs:animal_dictionary":1,"weaponmaster:tutorialbook":1,"minecraft:oak_sapling":1},"minecraft:crafted":{"minecraft:oak_planks":16,"minecraft:crafting_table":1,"minecraft:stick":4,"minecraft:wooden_pickaxe":1,"minecraft:wooden_axe":1},"minecraft:mined":{"luminousworld:groundpebbles_1":1,"luminousworld:yellowpetunias":2,"minecraft:mossy_cobblestone":3,"minecraft:crafting_table":1,"minecraft:grass":3,"minecraft:grass_block":1,"minecraft:oak_log":6,"luminousworld:grassvariant_3":1,"minecraft:stone":26,"minecraft:sugar_cane":3,"minecraft:oak_leaves":16},"minecraft:used":{"minecraft:wooden_axe":5,"minecraft:wooden_pickaxe":32,"luminousworld:groundpebbles_1":1,"minecraft:mossy_cobblestone":2,"minecraft:dirt":1,"minecraft:crafting_table":1,"minecraft:oak_sapling":1,"ecologics:walnut":2},"minecraft:picked_up":{"luminousworld:groundpebbles_1":1,"minecraft:crafting_table":1,"ecologics:walnut":2,"minecraft:oak_log":6,"minecraft:dirt":1,"minecraft:mossy_cobblestone":2,"minecraft:oak_sapling":2,"minecraft:sugar_cane":6,"minecraft:cobblestone":26}},"DataVersion":3465}