{"stats":{"minecraft:custom":{"minecraft:time_since_rest":1757,"minecraft:sprint_one_cm":44025,"minecraft:damage_taken":490,"minecraft:walk_one_cm":16285,"minecraft:drop":3,"minecraft:damage_dealt":18,"minecraft:swim_one_cm":8848,"minecraft:interact_with_crafting_table":2,"minecraft:fly_one_cm":42824,"minecraft:play_time":39058,"minecraft:deaths":2,"minecraft:sneak_time":17,"minecraft:walk_under_water_one_cm":154,"minecraft:jump":238,"minecraft:leave_game":10,"minecraft:walk_on_water_one_cm":1820,"minecraft:time_since_death":3324,"minecraft:total_world_time":39058,"minecraft:fall_one_cm":5072},"minecraft:killed_by":{"minecraft:zombie":1,"undead_revamp2:thehorrors":1},"minecraft:dropped":{"alexsmobs:animal_dictionary":1,"weaponmaster:tutorialbook":1,"minecraft:oak_sapling":1},"minecraft:crafted":{"minecraft:oak_planks":16,"minecraft:crafting_table":1,"minecraft:stick":4,"minecraft:wooden_pickaxe":1,"minecraft:wooden_axe":1},"minecraft:mined":{"luminousworld:yellowpetunias":2,"minecraft:crafting_table":1,"minecraft:grass":3,"minecraft:grass_block":1,"minecraft:oak_log":6,"luminousworld:grassvariant_3":1,"minecraft:stone":24,"minecraft:oak_leaves":11},"minecraft:used":{"minecraft:wooden_axe":3,"minecraft:wooden_pickaxe":26,"minecraft:dirt":1,"minecraft:crafting_table":1,"minecraft:oak_sapling":1,"ecologics:walnut":2},"minecraft:picked_up":{"minecraft:crafting_table":1,"ecologics:walnut":2,"minecraft:oak_log":6,"minecraft:dirt":1,"minecraft:oak_sapling":2,"minecraft:cobblestone":24}},"DataVersion":3465}