{"stats":{"minecraft:used":{"minecraft:cobblestone":3,"minecraft:crafting_table":1,"minecraft:stone_pickaxe":33,"minecraft:wooden_pickaxe":6},"minecraft:mined":{"minecraft:grass":1,"minecraft:oak_log":6,"minecraft:coal_ore":4,"minecraft:iron_ore":1,"minecraft:stone":29},"minecraft:dropped":{"minecraft:wooden_pickaxe":1},"minecraft:picked_up":{"minecraft:raw_iron":1,"minecraft:oak_log":6,"minecraft:coal":3,"minecraft:cobblestone":29},"minecraft:custom":{"minecraft:time_since_rest":12699,"minecraft:crouch_one_cm":48,"minecraft:play_time":12699,"minecraft:sprint_one_cm":19502,"minecraft:damage_taken":80,"minecraft:walk_one_cm":33499,"minecraft:sneak_time":2,"minecraft:drop":1,"minecraft:jump":99,"minecraft:damage_dealt":120,"minecraft:time_since_death":12699,"minecraft:total_world_time":12699,"minecraft:fall_one_cm":2015,"minecraft:interact_with_crafting_table":2,"minecraft:fly_one_cm":12422},"minecraft:crafted":{"minecraft:oak_planks":24,"minecraft:crafting_table":1,"minecraft:stick":4,"minecraft:wooden_pickaxe":1,"minecraft:stone_pickaxe":1}},"DataVersion":3465}