{"stats":{"minecraft:custom":{"minecraft:time_since_rest":3221,"minecraft:deaths":1,"tombstone:undead_killed":2,"minecraft:crouch_one_cm":4221,"minecraft:play_time":23775,"minecraft:sprint_one_cm":30753,"minecraft:damage_taken":345,"minecraft:walk_one_cm":23734,"minecraft:sneak_time":1365,"minecraft:walk_under_water_one_cm":1956,"minecraft:mob_kills":2,"minecraft:drop":1,"minecraft:damage_dealt_resisted":71,"minecraft:jump":153,"minecraft:damage_dealt":237,"minecraft:leave_game":1,"minecraft:time_since_death":3688,"minecraft:walk_on_water_one_cm":6237,"minecraft:total_world_time":23775,"minecraft:swim_one_cm":34594,"minecraft:interact_with_crafting_table":2,"minecraft:fall_one_cm":5212,"minecraft:fly_one_cm":24503},"minecraft:dropped":{"minecraft:oak_sapling":1},"minecraft:killed_by":{"minecraft:spider":1},"minecraft:crafted":{"minecraft:wooden_sword":1,"minecraft:oak_planks":44,"minecraft:crafting_table":1,"minecraft:stick":20,"minecraft:wooden_pickaxe":1,"minecraft:wooden_axe":1},"minecraft:mined":{"minecraft:oak_log":18,"minecraft:stone":51,"minecraft:oak_leaves":5},"minecraft:used":{"minecraft:wooden_axe":8,"minecraft:wooden_sword":11,"minecraft:apple":1,"minecraft:oak_sapling":1,"tombstone:gift":1,"alexsmobs:animal_dictionary":1,"minecraft:wooden_pickaxe":54},"minecraft:picked_up":{"minecraft:bone":1,"minecraft:apple":1,"minecraft:oak_log":18,"minecraft:oak_sapling":2,"minecraft:cobblestone":51},"minecraft:killed":{"born_in_chaos_v1:bonescaller":1,"born_in_chaos_v1:baby_skeleton":1}},"DataVersion":3465}