{"stats":{"minecraft:custom":{"minecraft:time_since_rest":15221,"minecraft:sprint_one_cm":46792,"minecraft:damage_taken":365,"minecraft:walk_one_cm":35417,"minecraft:mob_kills":4,"minecraft:drop":5,"minecraft:damage_dealt":237,"minecraft:swim_one_cm":37672,"minecraft:interact_with_crafting_table":2,"minecraft:fly_one_cm":49439,"minecraft:open_chest":1,"minecraft:crouch_one_cm":4221,"minecraft:play_time":35775,"tombstone:undead_killed":4,"minecraft:deaths":1,"minecraft:sneak_time":1370,"minecraft:walk_under_water_one_cm":2671,"minecraft:jump":271,"minecraft:damage_dealt_resisted":71,"minecraft:leave_game":1,"minecraft:walk_on_water_one_cm":6957,"minecraft:time_since_death":15688,"minecraft:total_world_time":35775,"minecraft:fall_one_cm":7478},"minecraft:killed_by":{"minecraft:spider":1},"minecraft:dropped":{"supplementaries:ash":2,"minecraft:oak_sapling":1,"born_in_chaos_v1:staffof_magic_arrows":2},"minecraft:crafted":{"minecraft:wooden_sword":1,"minecraft:oak_planks":44,"minecraft:crafting_table":1,"minecraft:stick":20,"minecraft:wooden_pickaxe":1,"minecraft:wooden_axe":1},"minecraft:mined":{"minecraft:oak_log":18,"minecraft:stone":51,"minecraft:oak_leaves":5},"minecraft:used":{"minecraft:wooden_axe":8,"minecraft:apple":1,"minecraft:wooden_pickaxe":54,"minecraft:wooden_sword":13,"minecraft:oak_sapling":1,"tombstone:gift":1,"alexsmobs:animal_dictionary":1},"minecraft:picked_up":{"born_in_chaos_v1:staffof_magic_arrows":3,"minecraft:porkchop":2,"minecraft:oak_log":18,"tombstone:grave_dust":1,"minecraft:bone":3,"minecraft:apple":1,"supplementaries:ash":2,"minecraft:oak_sapling":2,"minecraft:cobblestone":51},"minecraft:killed":{"born_in_chaos_v1:bonescaller":1,"born_in_chaos_v1:baby_skeleton":1,"born_in_chaos_v1:baby_skeleton_minion":2}},"DataVersion":3465}